ID,名前,年齢,性別
1,ユーザー1,31,男性
2,ユーザー2,28,女性
3,ユーザー3,19,男性
4,ユーザー4,20,男性
5,ユーザー5,20,男性
6,ユーザー6,20,男性
7,ユーザー7,20,男性
8,ユーザー8,20,男性
9,ユーザー9,20,男性
10,ユーザー10,20,男性
11,ユーザー11,20,男性
12,ユーザー12,20,男性
13,ユーザー13,20,男性
14,ユーザー14,20,男性
15,ユーザー15,20,男性
16,ユーザー16,20,男性
17,ユーザー17,20,男性
18,ユーザー18,20,男性
19,ユーザー19,20,男性
20,ユーザー20,20,男性
21,ユーザー21,20,男性
22,ユーザー22,28,男性
23,ユーザー23,20,男性
24,ユーザー24,20,男性
25,ユーザー25,20,男性
26,ユーザー26,20,男性
27,ユーザー27,20,男性
28,ユーザー28,20,男性
29,ユーザー29,20,男性
30,ユーザー30,20,男性