<?xml version="1.0" encoding="UTF-8"?>
<!DOCTYPE mapper PUBLIC "-//mybatis.org//DTD Mapper 3.0//EN"
  "http://mybatis.org/dtd/mybatis-3-mapper.dtd">

<!-- Mapperとxmlのマッピング -->
<mapper namespace="com.example.demo.repository.EmployeeMapper">
  <!-- Cursor -->
  <select id="findByGender" resultType="Employee">
    select * from employee
    <where>
      gender = #{genderParam}
    </where>
    order by id
  </select>
  
  <!-- Paging -->
  <select id="findByGenderPaging" resultType="Employee">
    select * from employee
    <where>
      gender = #{genderParam}
    </where>
    order by id
    limit #{_pagesize}
    offset #{_skiprows}
  </select>
</mapper>